-- Location: supabase/migrations/20250917163948_art_o_mart_marketplace.sql
-- Schema Analysis: Fresh project with no existing tables
-- Integration Type: Complete e-commerce marketplace with auth
-- Dependencies: None (first migration)

-- 1. Types and Enums
CREATE TYPE public.user_role AS ENUM ('customer', 'artisan', 'admin');
CREATE TYPE public.product_status AS ENUM ('draft', 'active', 'inactive', 'sold_out');
CREATE TYPE public.order_status AS ENUM ('pending', 'confirmed', 'processing', 'shipped', 'delivered', 'cancelled', 'refunded');
CREATE TYPE public.payment_status AS ENUM ('pending', 'completed', 'failed', 'refunded');

-- 2. Core Tables (no foreign keys)
CREATE TABLE public.user_profiles (
    id UUID PRIMARY KEY REFERENCES auth.users(id),
    email TEXT NOT NULL UNIQUE,
    full_name TEXT NOT NULL,
    role public.user_role DEFAULT 'customer'::public.user_role,
    avatar_url TEXT,
    phone TEXT,
    is_active BOOLEAN DEFAULT true,
    created_at TIMESTAMPTZ DEFAULT CURRENT_TIMESTAMP,
    updated_at TIMESTAMPTZ DEFAULT CURRENT_TIMESTAMP
);

CREATE TABLE public.categories (
    id UUID PRIMARY KEY DEFAULT gen_random_uuid(),
    name TEXT NOT NULL UNIQUE,
    slug TEXT NOT NULL UNIQUE,
    description TEXT,
    image_url TEXT,
    is_active BOOLEAN DEFAULT true,
    created_at TIMESTAMPTZ DEFAULT CURRENT_TIMESTAMP
);

-- 3. Dependent tables (with foreign keys)
CREATE TABLE public.artisan_profiles (
    id UUID PRIMARY KEY DEFAULT gen_random_uuid(),
    user_id UUID NOT NULL REFERENCES public.user_profiles(id) ON DELETE CASCADE,
    business_name TEXT NOT NULL,
    craft_specialty TEXT NOT NULL,
    bio TEXT,
    years_of_experience INTEGER DEFAULT 0,
    region TEXT,
    workshop_address TEXT,
    website_url TEXT,
    social_media JSONB DEFAULT '{}',
    trust_score DECIMAL(2,1) DEFAULT 5.0 CHECK (trust_score >= 0 AND trust_score <= 5),
    is_verified BOOLEAN DEFAULT false,
    verification_date TIMESTAMPTZ,
    created_at TIMESTAMPTZ DEFAULT CURRENT_TIMESTAMP,
    updated_at TIMESTAMPTZ DEFAULT CURRENT_TIMESTAMP,
    UNIQUE(user_id)
);

CREATE TABLE public.products (
    id UUID PRIMARY KEY DEFAULT gen_random_uuid(),
    artisan_id UUID NOT NULL REFERENCES public.artisan_profiles(id) ON DELETE CASCADE,
    category_id UUID NOT NULL REFERENCES public.categories(id) ON DELETE SET NULL,
    title TEXT NOT NULL,
    description TEXT NOT NULL,
    price DECIMAL(10,2) NOT NULL CHECK (price > 0),
    original_price DECIMAL(10,2) CHECK (original_price IS NULL OR original_price > price),
    status public.product_status DEFAULT 'draft'::public.product_status,
    stock_quantity INTEGER DEFAULT 0 CHECK (stock_quantity >= 0),
    images TEXT[] DEFAULT '{}',
    tags TEXT[] DEFAULT '{}',
    is_featured BOOLEAN DEFAULT false,
    weight_grams INTEGER,
    dimensions JSONB,
    materials TEXT[],
    care_instructions TEXT,
    shipping_info TEXT,
    created_at TIMESTAMPTZ DEFAULT CURRENT_TIMESTAMP,
    updated_at TIMESTAMPTZ DEFAULT CURRENT_TIMESTAMP
);

CREATE TABLE public.product_reviews (
    id UUID PRIMARY KEY DEFAULT gen_random_uuid(),
    product_id UUID NOT NULL REFERENCES public.products(id) ON DELETE CASCADE,
    reviewer_id UUID NOT NULL REFERENCES public.user_profiles(id) ON DELETE CASCADE,
    rating INTEGER NOT NULL CHECK (rating >= 1 AND rating <= 5),
    review_text TEXT,
    is_verified_purchase BOOLEAN DEFAULT false,
    helpful_count INTEGER DEFAULT 0,
    created_at TIMESTAMPTZ DEFAULT CURRENT_TIMESTAMP,
    UNIQUE(product_id, reviewer_id)
);

CREATE TABLE public.carts (
    id UUID PRIMARY KEY DEFAULT gen_random_uuid(),
    user_id UUID NOT NULL REFERENCES public.user_profiles(id) ON DELETE CASCADE,
    product_id UUID NOT NULL REFERENCES public.products(id) ON DELETE CASCADE,
    quantity INTEGER NOT NULL DEFAULT 1 CHECK (quantity > 0),
    added_at TIMESTAMPTZ DEFAULT CURRENT_TIMESTAMP,
    UNIQUE(user_id, product_id)
);

CREATE TABLE public.addresses (
    id UUID PRIMARY KEY DEFAULT gen_random_uuid(),
    user_id UUID NOT NULL REFERENCES public.user_profiles(id) ON DELETE CASCADE,
    type TEXT NOT NULL CHECK (type IN ('shipping', 'billing')),
    full_name TEXT NOT NULL,
    address_line_1 TEXT NOT NULL,
    address_line_2 TEXT,
    city TEXT NOT NULL,
    state TEXT NOT NULL,
    postal_code TEXT NOT NULL,
    country TEXT DEFAULT 'India',
    phone TEXT,
    is_default BOOLEAN DEFAULT false,
    created_at TIMESTAMPTZ DEFAULT CURRENT_TIMESTAMP
);

CREATE TABLE public.orders (
    id UUID PRIMARY KEY DEFAULT gen_random_uuid(),
    customer_id UUID NOT NULL REFERENCES public.user_profiles(id) ON DELETE CASCADE,
    order_number TEXT NOT NULL UNIQUE,
    status public.order_status DEFAULT 'pending'::public.order_status,
    payment_status public.payment_status DEFAULT 'pending'::public.payment_status,
    total_amount DECIMAL(10,2) NOT NULL CHECK (total_amount > 0),
    shipping_amount DECIMAL(10,2) DEFAULT 0,
    tax_amount DECIMAL(10,2) DEFAULT 0,
    discount_amount DECIMAL(10,2) DEFAULT 0,
    shipping_address JSONB NOT NULL,
    billing_address JSONB,
    payment_method TEXT,
    payment_transaction_id TEXT,
    notes TEXT,
    created_at TIMESTAMPTZ DEFAULT CURRENT_TIMESTAMP,
    updated_at TIMESTAMPTZ DEFAULT CURRENT_TIMESTAMP
);

CREATE TABLE public.order_items (
    id UUID PRIMARY KEY DEFAULT gen_random_uuid(),
    order_id UUID NOT NULL REFERENCES public.orders(id) ON DELETE CASCADE,
    product_id UUID NOT NULL REFERENCES public.products(id) ON DELETE CASCADE,
    artisan_id UUID NOT NULL REFERENCES public.artisan_profiles(id) ON DELETE CASCADE,
    quantity INTEGER NOT NULL CHECK (quantity > 0),
    unit_price DECIMAL(10,2) NOT NULL CHECK (unit_price > 0),
    total_price DECIMAL(10,2) NOT NULL CHECK (total_price > 0),
    product_title TEXT NOT NULL,
    product_image TEXT,
    created_at TIMESTAMPTZ DEFAULT CURRENT_TIMESTAMP
);

CREATE TABLE public.wishlists (
    id UUID PRIMARY KEY DEFAULT gen_random_uuid(),
    user_id UUID NOT NULL REFERENCES public.user_profiles(id) ON DELETE CASCADE,
    product_id UUID NOT NULL REFERENCES public.products(id) ON DELETE CASCADE,
    added_at TIMESTAMPTZ DEFAULT CURRENT_TIMESTAMP,
    UNIQUE(user_id, product_id)
);

-- 4. Essential Indexes
CREATE INDEX idx_user_profiles_email ON public.user_profiles(email);
CREATE INDEX idx_user_profiles_role ON public.user_profiles(role);
CREATE INDEX idx_artisan_profiles_user_id ON public.artisan_profiles(user_id);
CREATE INDEX idx_artisan_profiles_verified ON public.artisan_profiles(is_verified);
CREATE INDEX idx_products_artisan_id ON public.products(artisan_id);
CREATE INDEX idx_products_category_id ON public.products(category_id);
CREATE INDEX idx_products_status ON public.products(status);
CREATE INDEX idx_products_featured ON public.products(is_featured);
CREATE INDEX idx_product_reviews_product_id ON public.product_reviews(product_id);
CREATE INDEX idx_product_reviews_rating ON public.product_reviews(rating);
CREATE INDEX idx_carts_user_id ON public.carts(user_id);
CREATE INDEX idx_orders_customer_id ON public.orders(customer_id);
CREATE INDEX idx_orders_status ON public.orders(status);
CREATE INDEX idx_order_items_order_id ON public.order_items(order_id);
CREATE INDEX idx_order_items_artisan_id ON public.order_items(artisan_id);
CREATE INDEX idx_wishlists_user_id ON public.wishlists(user_id);

-- 5. Storage Buckets
INSERT INTO storage.buckets (id, name, public, file_size_limit, allowed_mime_types)
VALUES 
    ('product-images', 'product-images', true, 10485760, ARRAY['image/jpeg', 'image/png', 'image/webp', 'image/jpg']),
    ('profile-images', 'profile-images', true, 5242880, ARRAY['image/jpeg', 'image/png', 'image/webp', 'image/jpg']),
    ('category-images', 'category-images', true, 5242880, ARRAY['image/jpeg', 'image/png', 'image/webp', 'image/jpg']);

-- 6. Functions (BEFORE RLS policies)
CREATE OR REPLACE FUNCTION public.handle_new_user()
RETURNS TRIGGER
SECURITY DEFINER
LANGUAGE plpgsql
AS $$
BEGIN
    INSERT INTO public.user_profiles (id, email, full_name, role)
    VALUES (
        NEW.id, 
        NEW.email, 
        COALESCE(NEW.raw_user_meta_data->>'full_name', split_part(NEW.email, '@', 1)),
        COALESCE(NEW.raw_user_meta_data->>'role', 'customer')::public.user_role
    );
    RETURN NEW;
END;
$$;

CREATE OR REPLACE FUNCTION public.update_product_stats()
RETURNS TRIGGER
SECURITY DEFINER
LANGUAGE plpgsql
AS $$
BEGIN
    -- Update product review count and average rating
    UPDATE public.products 
    SET updated_at = CURRENT_TIMESTAMP
    WHERE id = COALESCE(NEW.product_id, OLD.product_id);
    RETURN COALESCE(NEW, OLD);
END;
$$;

CREATE OR REPLACE FUNCTION public.generate_order_number()
RETURNS TEXT
LANGUAGE plpgsql
SECURITY DEFINER
AS $$
DECLARE
    order_num TEXT;
BEGIN
    order_num := 'AOM-' || TO_CHAR(CURRENT_TIMESTAMP, 'YYYYMMDD') || '-' || LPAD(floor(random() * 10000)::TEXT, 4, '0');
    RETURN order_num;
END;
$$;

-- 7. Enable RLS
ALTER TABLE public.user_profiles ENABLE ROW LEVEL SECURITY;
ALTER TABLE public.artisan_profiles ENABLE ROW LEVEL SECURITY;
ALTER TABLE public.categories ENABLE ROW LEVEL SECURITY;
ALTER TABLE public.products ENABLE ROW LEVEL SECURITY;
ALTER TABLE public.product_reviews ENABLE ROW LEVEL SECURITY;
ALTER TABLE public.carts ENABLE ROW LEVEL SECURITY;
ALTER TABLE public.addresses ENABLE ROW LEVEL SECURITY;
ALTER TABLE public.orders ENABLE ROW LEVEL SECURITY;
ALTER TABLE public.order_items ENABLE ROW LEVEL SECURITY;
ALTER TABLE public.wishlists ENABLE ROW LEVEL SECURITY;

-- 8. RLS Policies
-- Pattern 1: Core user tables - simple ownership
CREATE POLICY "users_manage_own_user_profiles"
ON public.user_profiles
FOR ALL
TO authenticated
USING (id = auth.uid())
WITH CHECK (id = auth.uid());

-- Pattern 2: Simple user ownership
CREATE POLICY "users_manage_own_artisan_profiles"
ON public.artisan_profiles
FOR ALL
TO authenticated
USING (user_id = auth.uid())
WITH CHECK (user_id = auth.uid());

CREATE POLICY "users_manage_own_carts"
ON public.carts
FOR ALL
TO authenticated
USING (user_id = auth.uid())
WITH CHECK (user_id = auth.uid());

CREATE POLICY "users_manage_own_addresses"
ON public.addresses
FOR ALL
TO authenticated
USING (user_id = auth.uid())
WITH CHECK (user_id = auth.uid());

CREATE POLICY "users_manage_own_orders"
ON public.orders
FOR ALL
TO authenticated
USING (customer_id = auth.uid())
WITH CHECK (customer_id = auth.uid());

CREATE POLICY "users_manage_own_wishlists"
ON public.wishlists
FOR ALL
TO authenticated
USING (user_id = auth.uid())
WITH CHECK (user_id = auth.uid());

CREATE POLICY "users_manage_own_reviews"
ON public.product_reviews
FOR ALL
TO authenticated
USING (reviewer_id = auth.uid())
WITH CHECK (reviewer_id = auth.uid());

-- Pattern 4: Public read, private write
CREATE POLICY "public_can_read_categories"
ON public.categories
FOR SELECT
TO public
USING (is_active = true);

CREATE POLICY "authenticated_users_manage_categories"
ON public.categories
FOR ALL
TO authenticated
USING (EXISTS (
    SELECT 1 FROM auth.users au 
    WHERE au.id = auth.uid() 
    AND (au.raw_user_meta_data->>'role' = 'admin')
))
WITH CHECK (EXISTS (
    SELECT 1 FROM auth.users au 
    WHERE au.id = auth.uid() 
    AND (au.raw_user_meta_data->>'role' = 'admin')
));

CREATE POLICY "public_can_read_active_products"
ON public.products
FOR SELECT
TO public
USING (status = 'active'::public.product_status);

CREATE POLICY "artisans_manage_own_products"
ON public.products
FOR ALL
TO authenticated
USING (artisan_id IN (
    SELECT ap.id FROM public.artisan_profiles ap 
    WHERE ap.user_id = auth.uid()
))
WITH CHECK (artisan_id IN (
    SELECT ap.id FROM public.artisan_profiles ap 
    WHERE ap.user_id = auth.uid()
));

CREATE POLICY "public_can_read_product_reviews"
ON public.product_reviews
FOR SELECT
TO public
USING (true);

CREATE POLICY "authenticated_users_view_order_items"
ON public.order_items
FOR SELECT
TO authenticated
USING (
    order_id IN (SELECT id FROM public.orders WHERE customer_id = auth.uid())
    OR artisan_id IN (
        SELECT ap.id FROM public.artisan_profiles ap 
        WHERE ap.user_id = auth.uid()
    )
);

-- Storage policies
CREATE POLICY "public_can_view_product_images"
ON storage.objects
FOR SELECT
TO public
USING (bucket_id = 'product-images');

CREATE POLICY "artisans_upload_product_images"
ON storage.objects
FOR INSERT
TO authenticated
WITH CHECK (
    bucket_id = 'product-images'
    AND EXISTS (
        SELECT 1 FROM public.artisan_profiles ap 
        WHERE ap.user_id = auth.uid()
    )
);

CREATE POLICY "artisans_manage_product_images"
ON storage.objects
FOR DELETE
TO authenticated
USING (bucket_id = 'product-images' AND owner = auth.uid());

CREATE POLICY "public_can_view_profile_images"
ON storage.objects
FOR SELECT
TO public
USING (bucket_id = 'profile-images');

CREATE POLICY "users_upload_profile_images"
ON storage.objects
FOR INSERT
TO authenticated
WITH CHECK (bucket_id = 'profile-images');

CREATE POLICY "users_manage_profile_images"
ON storage.objects
FOR DELETE
TO authenticated
USING (bucket_id = 'profile-images' AND owner = auth.uid());

CREATE POLICY "public_can_view_category_images"
ON storage.objects
FOR SELECT
TO public
USING (bucket_id = 'category-images');

CREATE POLICY "admins_manage_category_images"
ON storage.objects
FOR ALL
TO authenticated
USING (
    bucket_id = 'category-images'
    AND EXISTS (
        SELECT 1 FROM auth.users au
        WHERE au.id = auth.uid() 
        AND (au.raw_user_meta_data->>'role' = 'admin')
    )
)
WITH CHECK (
    bucket_id = 'category-images'
    AND EXISTS (
        SELECT 1 FROM auth.users au
        WHERE au.id = auth.uid() 
        AND (au.raw_user_meta_data->>'role' = 'admin')
    )
);

-- 9. Triggers
CREATE TRIGGER on_auth_user_created
    AFTER INSERT ON auth.users
    FOR EACH ROW EXECUTE FUNCTION public.handle_new_user();

CREATE TRIGGER on_product_review_change
    AFTER INSERT OR UPDATE OR DELETE ON public.product_reviews
    FOR EACH ROW EXECUTE FUNCTION public.update_product_stats();

-- 10. Mock Data with complete auth.users
DO $$
DECLARE
    admin_uuid UUID := gen_random_uuid();
    artisan1_uuid UUID := gen_random_uuid();
    artisan2_uuid UUID := gen_random_uuid();
    customer1_uuid UUID := gen_random_uuid();
    customer2_uuid UUID := gen_random_uuid();
    
    category1_uuid UUID := gen_random_uuid();
    category2_uuid UUID := gen_random_uuid();
    category3_uuid UUID := gen_random_uuid();
    category4_uuid UUID := gen_random_uuid();
    
    artisan_profile1_uuid UUID := gen_random_uuid();
    artisan_profile2_uuid UUID := gen_random_uuid();
    
    product1_uuid UUID := gen_random_uuid();
    product2_uuid UUID := gen_random_uuid();
    product3_uuid UUID := gen_random_uuid();
    product4_uuid UUID := gen_random_uuid();
    
BEGIN
    -- Create complete auth users with all required fields
    INSERT INTO auth.users (
        id, instance_id, aud, role, email, encrypted_password, email_confirmed_at,
        created_at, updated_at, raw_user_meta_data, raw_app_meta_data,
        is_sso_user, is_anonymous, confirmation_token, confirmation_sent_at,
        recovery_token, recovery_sent_at, email_change_token_new, email_change,
        email_change_sent_at, email_change_token_current, email_change_confirm_status,
        reauthentication_token, reauthentication_sent_at, phone, phone_change,
        phone_change_token, phone_change_sent_at
    ) VALUES
        (admin_uuid, '00000000-0000-0000-0000-000000000000', 'authenticated', 'authenticated',
         'admin@artomart.com', crypt('admin123', gen_salt('bf', 10)), now(), now(), now(),
         '{"full_name": "Admin User", "role": "admin"}'::jsonb, 
         '{"provider": "email", "providers": ["email"]}'::jsonb,
         false, false, '', null, '', null, '', '', null, '', 0, '', null, null, '', '', null),
        (artisan1_uuid, '00000000-0000-0000-0000-000000000000', 'authenticated', 'authenticated',
         'priya.sharma@artomart.com', crypt('artisan123', gen_salt('bf', 10)), now(), now(), now(),
         '{"full_name": "Priya Sharma", "role": "artisan"}'::jsonb,
         '{"provider": "email", "providers": ["email"]}'::jsonb,
         false, false, '', null, '', null, '', '', null, '', 0, '', null, null, '', '', null),
        (artisan2_uuid, '00000000-0000-0000-0000-000000000000', 'authenticated', 'authenticated',
         'arjun.patel@artomart.com', crypt('artisan123', gen_salt('bf', 10)), now(), now(), now(),
         '{"full_name": "Arjun Patel", "role": "artisan"}'::jsonb,
         '{"provider": "email", "providers": ["email"]}'::jsonb,
         false, false, '', null, '', null, '', '', null, '', 0, '', null, null, '', '', null),
        (customer1_uuid, '00000000-0000-0000-0000-000000000000', 'authenticated', 'authenticated',
         'meera.devi@gmail.com', crypt('customer123', gen_salt('bf', 10)), now(), now(), now(),
         '{"full_name": "Meera Devi", "role": "customer"}'::jsonb,
         '{"provider": "email", "providers": ["email"]}'::jsonb,
         false, false, '', null, '', null, '', '', null, '', 0, '', null, null, '', '', null),
        (customer2_uuid, '00000000-0000-0000-0000-000000000000', 'authenticated', 'authenticated',
         'ravi.kumar@gmail.com', crypt('customer123', gen_salt('bf', 10)), now(), now(), now(),
         '{"full_name": "Ravi Kumar", "role": "customer"}'::jsonb,
         '{"provider": "email", "providers": ["email"]}'::jsonb,
         false, false, '', null, '', null, '', '', null, '', 0, '', null, null, '', '', null);

    -- Categories
    INSERT INTO public.categories (id, name, slug, description, image_url, is_active) VALUES
        (category1_uuid, 'Textiles', 'textiles', 'Handwoven fabrics, sarees, dupattas and traditional clothing', 
         'https://images.unsplash.com/photo-1578662996442-48f60103fc96?w=300&h=300&fit=crop', true),
        (category2_uuid, 'Woodwork', 'woodwork', 'Hand-carved sculptures, furniture and decorative items',
         'https://images.pexels.com/photos/1094767/pexels-photo-1094767.jpeg?w=300&h=300&fit=crop', true),
        (category3_uuid, 'Pottery', 'pottery', 'Hand-thrown ceramics, vases and decorative pottery',
         'https://images.pixabay.com/photo/2017/08/01/11/48/blue-2564660_1280.jpg?w=300&h=300&fit=crop', true),
        (category4_uuid, 'Jewelry', 'jewelry', 'Traditional and contemporary handmade jewelry',
         'https://images.unsplash.com/photo-1515562141207-7a88fb7ce338?w=300&h=300&fit=crop', true);

    -- Artisan Profiles
    INSERT INTO public.artisan_profiles (
        id, user_id, business_name, craft_specialty, bio, years_of_experience, 
        region, trust_score, is_verified, verification_date
    ) VALUES
        (artisan_profile1_uuid, artisan1_uuid, 'Rajasthani Heritage Crafts', 'Bandhani and Block Printing',
         'Master craftsperson specializing in traditional Rajasthani Bandhani tie-dye and block printing techniques. Our family has been preserving these ancient arts for over four generations.',
         15, 'Rajasthan', 4.8, true, now()),
        (artisan_profile2_uuid, artisan2_uuid, 'Gujarat Wood Artistry', 'Wood Carving and Sculpture',
         'Skilled woodworker creating intricate sculptures and decorative items using traditional Gujarati carving techniques passed down through generations.',
         12, 'Gujarat', 4.9, true, now());

    -- Products
    INSERT INTO public.products (
        id, artisan_id, category_id, title, description, price, original_price, 
        status, stock_quantity, images, tags, is_featured, materials
    ) VALUES
        (product1_uuid, artisan_profile1_uuid, category1_uuid, 
         'Royal Bandhani Dupatta', 
         'Exquisite handwoven Bandhani dupatta featuring traditional Rajasthani patterns passed down through generations. Each piece is individually crafted using ancient tie-dye techniques.',
         2850, 3200, 'active'::public.product_status, 5,
         ARRAY['https://images.unsplash.com/photo-1578662996442-48f60103fc96?w=400&h=400&fit=crop',
               'https://images.unsplash.com/photo-1594736797933-d0401ba2fe65?w=400&h=400&fit=crop'],
         ARRAY['handwoven', 'traditional', 'eco-friendly', 'bandhani'], true,
         ARRAY['Pure Silk', 'Natural Dyes']),
        (product2_uuid, artisan_profile2_uuid, category2_uuid,
         'Ganesha Wooden Sculpture',
         'Masterfully carved Ganesha sculpture using traditional Gujarati woodworking techniques and premium teak wood. Perfect for home temples and spiritual spaces.',
         4200, null, 'active'::public.product_status, 3,
         ARRAY['https://images.unsplash.com/photo-1578662996442-48f60103fc96?w=400&h=400&fit=crop',
               'https://images.pexels.com/photos/1094767/pexels-photo-1094767.jpeg?w=400&h=400&fit=crop'],
         ARRAY['handcarved', 'spiritual', 'premium', 'teak'], true,
         ARRAY['Teak Wood', 'Natural Finish']),
        (product3_uuid, artisan_profile1_uuid, category3_uuid,
         'Hand-painted Ceramic Vase',
         'Beautiful ceramic vase featuring intricate hand-painted designs inspired by ancient Indian folklore and mythology.',
         1650, 1950, 'active'::public.product_status, 8,
         ARRAY['https://images.pexels.com/photos/1094767/pexels-photo-1094767.jpeg?w=400&h=400&fit=crop',
               'https://images.pixabay.com/photo/2017/08/01/11/48/blue-2564660_1280.jpg?w=400&h=400&fit=crop'],
         ARRAY['handpainted', 'ceramic', 'decorative', 'folklore'], false,
         ARRAY['Ceramic', 'Natural Pigments']),
        (product4_uuid, artisan_profile2_uuid, category4_uuid,
         'Silver Filigree Earrings',
         'Exquisite silver filigree earrings showcasing the delicate artistry of Bengali metalwork traditions.',
         3200, null, 'active'::public.product_status, 12,
         ARRAY['https://images.pixabay.com/photo/2017/08/01/11/48/blue-2564660_1280.jpg?w=400&h=400&fit=crop',
               'https://images.unsplash.com/photo-1515562141207-7a88fb7ce338?w=400&h=400&fit=crop'],
         ARRAY['silver', 'filigree', 'traditional', 'bengali'], true,
         ARRAY['Sterling Silver', 'Handcrafted']);

    -- Product Reviews
    INSERT INTO public.product_reviews (product_id, reviewer_id, rating, review_text, is_verified_purchase) VALUES
        (product1_uuid, customer1_uuid, 5, 'Absolutely stunning dupatta! The craftsmanship is exceptional and the colors are vibrant.', true),
        (product1_uuid, customer2_uuid, 4, 'Beautiful traditional work. Shipping was fast and packaging was excellent.', true),
        (product2_uuid, customer1_uuid, 5, 'This sculpture is a masterpiece! The detail work is incredible.', true),
        (product3_uuid, customer2_uuid, 4, 'Lovely vase with beautiful paintings. Perfect for my living room.', false),
        (product4_uuid, customer1_uuid, 5, 'Elegant earrings with intricate filigree work. Great quality!', true);

EXCEPTION
    WHEN foreign_key_violation THEN
        RAISE NOTICE 'Foreign key error during mock data insertion: %', SQLERRM;
    WHEN unique_violation THEN
        RAISE NOTICE 'Unique constraint error during mock data insertion: %', SQLERRM;
    WHEN OTHERS THEN
        RAISE NOTICE 'Unexpected error during mock data insertion: %', SQLERRM;
END $$;